{
    "ARMA(1, 1)": {
        "normal": {
            "rmse": 0.7668276328369654,
            "r2": 0.8474137139969076,
            "akaike": 408.3492052478465,
            "theta": [
                0.011085782850275849,
                0.5603805505310547,
                1.0309404949590701,
                0.4413392232626709
            ]
        },
        "recursive": {
            "rmse": 0.7668284302235601,
            "r2": 0.8474133966626931,
            "akaike": 408.3494111382669,
            "theta": [
                0.011162670998843641,
                0.5604264115212081,
                1.0299397813182467,
                0.4408706667626294
            ]
        }
    },
    "ARMA(1, 2)": {
        "normal": {
            "rmse": 0.5668627165958003,
            "r2": 0.9169274721189569,
            "akaike": 346.06974002227446,
            "theta": [
                0.028525945834732575,
                0.279311484542367,
                1.0007931925514135,
                0.8003357962754071,
                0.6445593150113896
            ]
        },
        "recursive": {
            "rmse": 0.5668657192352081,
            "r2": 0.9169265920557625,
            "akaike": 346.0707782203214,
            "theta": [
                0.02858523816505676,
                0.28036087522909703,
                0.9997798941231572,
                0.7983873348496885,
                0.6429054251222968
            ]
        }
    },
    "ARMA(1, 3)": {
        "normal": {
            "rmse": 0.4996712178870533,
            "r2": 0.9357301925447833,
            "akaike": 319.148802466081,
            "theta": [
                0.01564428681075605,
                0.6242573705460821,
                1.025412649744106,
                0.4609204222601147,
                0.24812356303296013,
                -0.4729019111916495
            ]
        },
        "recursive": {
            "rmse": 0.49967316862305694,
            "r2": 0.935729690720113,
            "akaike": 319.1495598482004,
            "theta": [
                0.01577143449690636,
                0.6234580691460458,
                1.0243346179561617,
                0.46124106991213515,
                0.24890380293579262,
                -0.4715606563321139
            ]
        }
    },
    "ARMA(2, 1)": {
        "normal": {
            "rmse": 0.5863556057940145,
            "r2": 0.9111159568026489,
            "akaike": 352.6963607343211,
            "theta": [
                0.04643950730967686,
                1.0247799927039418,
                -0.455964943110587,
                0.9269014389703846,
                0.02975850018138218
            ]
        },
        "recursive": {
            "rmse": 0.5863580724836993,
            "r2": 0.911115208963585,
            "akaike": 352.6971852683693,
            "theta": [
                0.046449184647633625,
                1.023102008747159,
                -0.45465809048851785,
                0.9262794415590623,
                0.03140618414383031
            ]
        }
    },
    "ARMA(2, 2)": {
        "normal": {
            "rmse": 0.3132916219553406,
            "r2": 0.974625400227086,
            "akaike": 231.84513166703005,
            "theta": [
                0.04491016904890458,
                0.7489153610242901,
                -0.46706376545266814,
                0.9216008785453196,
                0.3510399468560906,
                0.6587814232347959
            ]
        },
        "recursive": {
            "rmse": 0.31329481833768125,
            "r2": 0.9746248824517566,
            "akaike": 231.84713136219892,
            "theta": [
                0.04493460552494213,
                0.7484795025466002,
                -0.4663190798470744,
                0.9208531536472937,
                0.35106867908611517,
                0.657851271361934
            ]
        }
    },
    "ARMA(2, 3)": {
        "normal": {
            "rmse": 0.2085713087939157,
            "r2": 0.988801819492287,
            "akaike": 151.65695311829805,
            "theta": [
                0.024156557888368405,
                1.019283584759497,
                -0.4574053687910551,
                0.9542105218855095,
                0.09456428158617047,
                0.32115594415259624,
                -0.36815485361925226
            ]
        },
        "recursive": {
            "rmse": 0.2085821559242693,
            "r2": 0.9888006546985003,
            "akaike": 151.6670421788815,
            "theta": [
                0.024288615596031127,
                1.0161112977406954,
                -0.45628019467094877,
                0.9533728473128507,
                0.09759692402329415,
                0.32322195870585263,
                -0.36591188665527186
            ]
        }
    },
    "ARMA(3, 1)": {
        "normal": {
            "rmse": 0.25671481062229623,
            "r2": 0.9830355344850553,
            "akaike": 189.94780258622515,
            "theta": [
                0.05151228132387305,
                0.4490180429559894,
                0.3259505859660329,
                -0.5389260852880682,
                1.0363233965038403,
                0.5616116690149919
            ]
        },
        "recursive": {
            "rmse": 0.25672228320460305,
            "r2": 0.9830345468504925,
            "akaike": 189.95344955246523,
            "theta": [
                0.05149175939777953,
                0.4515706509121027,
                0.3229369082485702,
                -0.5373158207655655,
                1.0349295559181269,
                0.5587620645852921
            ]
        }
    },
    "ARMA(3, 2)": {
        "normal": {
            "rmse": 1.8951394619090276e-15,
            "r2": 1.0,
            "akaike": -6120.752924180577,
            "theta": [
                0.05000000000000006,
                0.4499999999999998,
                0.08999999999999947,
                -0.3799999999999997,
                1.0000000000000002,
                0.5999999999999992,
                0.39999999999999947
            ]
        },
        "recursive": {
            "rmse": 0.0015518822592965292,
            "r2": 0.999999380051137,
            "akaike": -799.1006595322957,
            "theta": [
                0.05001353298394888,
                0.4516420859268909,
                0.08839219655968522,
                -0.3791801522014818,
                0.9988069673137613,
                0.5978768387382649,
                0.39958853989482157
            ]
        }
    },
    "ARMA(3, 3)": {
        "normal": {
            "rmse": 8.822365200530353e-15,
            "r2": 1.0,
            "akaike": -5820.381396203258,
            "theta": [
                0.05000000000000045,
                0.44999999999998863,
                0.09000000000000405,
                -0.3800000000000022,
                1.0000000000000004,
                0.6000000000000069,
                0.4000000000000044,
                4.773959005888173e-15
            ]
        },
        "recursive": {
            "rmse": 0.0021651987048960735,
            "r2": 0.999998793204038,
            "akaike": -732.4902044754115,
            "theta": [
                0.04983853363812582,
                0.45577149088248925,
                0.08573183485933376,
                -0.3772258243044915,
                0.9986802978168363,
                0.5940818044626359,
                0.39764118779783014,
                -0.0037875395070567992
            ]
        }
    }
}