{
    "ARMA(1, 1)": {
        "normal": {
            "rmse": 0.7757895683315189,
            "r2": 0.848329438284322,
            "akaike": 410.6498190233367,
            "theta": [
                0.017690802403661922,
                0.5792676374198021,
                1.0104949678250794,
                0.4948958189986463
            ]
        },
        "recursive": {
            "rmse": 0.7757903177181277,
            "r2": 0.8483291452668661,
            "akaike": 410.6500102845794,
            "theta": [
                0.017664621473873002,
                0.5792370423660919,
                1.0095672725955402,
                0.4944987485295628
            ]
        }
    },
    "ARMA(1, 2)": {
        "normal": {
            "rmse": 0.6059987145798553,
            "r2": 0.9080657388149282,
            "akaike": 359.15483975191245,
            "theta": [
                0.03856949774155252,
                0.30498148837031036,
                1.0180105632870333,
                0.761315128440339,
                0.6364739568125485
            ]
        },
        "recursive": {
            "rmse": 0.6060010186446856,
            "r2": 0.9080650397279649,
            "akaike": 359.1555849611635,
            "theta": [
                0.03845174777059891,
                0.3057770412396859,
                1.01707112394463,
                0.7598553879830264,
                0.6350398084973453
            ]
        }
    },
    "ARMA(1, 3)": {
        "normal": {
            "rmse": 0.5258896213765967,
            "r2": 0.9313847786081909,
            "akaike": 329.0701618048337,
            "theta": [
                -0.004625844848923531,
                0.6187433426608572,
                1.013635783422783,
                0.4576675682891355,
                0.32016476172160935,
                -0.4478305884086786
            ]
        },
        "recursive": {
            "rmse": 0.525891176259448,
            "r2": 0.9313843728622531,
            "akaike": 329.0707353982551,
            "theta": [
                -0.0045702096511518,
                0.6181586579816494,
                1.0126732536927205,
                0.45787508346632605,
                0.3204704143162781,
                -0.4468394215723256
            ]
        }
    },
    "ARMA(2, 1)": {
        "normal": {
            "rmse": 0.5395043487906617,
            "r2": 0.9271341754272739,
            "akaike": 336.3743439365208,
            "theta": [
                0.02566095737922024,
                1.1107178593258338,
                -0.537250853156431,
                0.9790353767752782,
                -0.04233327037460183
            ]
        },
        "recursive": {
            "rmse": 0.5395079835218783,
            "r2": 0.9271331936054222,
            "akaike": 336.3756644169215,
            "theta": [
                0.025641233736569326,
                1.1087837417573818,
                -0.53574004167161,
                0.9782104918472346,
                -0.040294682289201376
            ]
        }
    },
    "ARMA(2, 2)": {
        "normal": {
            "rmse": 0.2988441423727134,
            "r2": 0.9776424876301765,
            "akaike": 222.59152443482395,
            "theta": [
                0.05024096346503422,
                0.8273631966950167,
                -0.5077002530455152,
                0.9819357838321421,
                0.2311559951434145,
                0.5892301222127251
            ]
        },
        "recursive": {
            "rmse": 0.29884791090035023,
            "r2": 0.9776419237547475,
            "akaike": 222.59399604679464,
            "theta": [
                0.0501682284227062,
                0.826421804066357,
                -0.5067618940260072,
                0.9810777147578635,
                0.23193889131632245,
                0.5887376085979582
            ]
        }
    },
    "ARMA(2, 3)": {
        "normal": {
            "rmse": 0.19333027382470339,
            "r2": 0.9907267706477515,
            "akaike": 136.93603879457862,
            "theta": [
                0.0165650659499837,
                1.024852530915621,
                -0.4741062654342442,
                0.9803852534970383,
                0.042642808136531596,
                0.3589259501631344,
                -0.33172584726697
            ]
        },
        "recursive": {
            "rmse": 0.19334209140048522,
            "r2": 0.9907256369356041,
            "akaike": 136.94789694586416,
            "theta": [
                0.016676890803900106,
                1.0218075410389469,
                -0.47295436248074335,
                0.9794929123623639,
                0.04574351538534287,
                0.3606360580971221,
                -0.3297161188850914
            ]
        }
    },
    "ARMA(3, 1)": {
        "normal": {
            "rmse": 0.2663881791654704,
            "r2": 0.9823939809368011,
            "akaike": 197.12362643716654,
            "theta": [
                0.04484826559649749,
                0.42315519504390653,
                0.3551542279081489,
                -0.5611677700398334,
                1.0125276662252172,
                0.6197967453527389
            ]
        },
        "recursive": {
            "rmse": 0.266396974056288,
            "r2": 0.9823928183809252,
            "akaike": 197.13003130339993,
            "theta": [
                0.04470914899615457,
                0.4263443300323484,
                0.3512740779155123,
                -0.5590841935034621,
                1.0114023563458046,
                0.6161733631668177
            ]
        }
    },
    "ARMA(3, 2)": {
        "normal": {
            "rmse": 2.7421239005201202e-15,
            "r2": 1.0,
            "akaike": -6049.081499034759,
            "theta": [
                0.04999999999999994,
                0.45000000000000273,
                0.08999999999999742,
                -0.37999999999999856,
                1.0,
                0.5999999999999994,
                0.4
            ]
        },
        "recursive": {
            "rmse": 0.0015070911889411116,
            "r2": 0.9999994364787071,
            "akaike": -804.782362164077,
            "theta": [
                0.04989263842028305,
                0.4516726368243613,
                0.08817338066441793,
                -0.37904200006721733,
                0.9989844282637245,
                0.5978508509094045,
                0.3996754379156264
            ]
        }
    },
    "ARMA(3, 3)": {
        "normal": {
            "rmse": 3.855705344443816e-15,
            "r2": 1.0,
            "akaike": -5980.962187650705,
            "theta": [
                0.04999999999999933,
                0.4500000000000095,
                0.08999999999999159,
                -0.37999999999999523,
                0.9999999999999997,
                0.5999999999999908,
                0.3999999999999997,
                -2.942091015256665e-15
            ]
        },
        "recursive": {
            "rmse": 0.0021589462372896785,
            "r2": 0.9999988435817838,
            "akaike": -733.051230794929,
            "theta": [
                0.04958075790142695,
                0.4561101166557311,
                0.08514907240671091,
                -0.37689555878204556,
                0.9989155476872261,
                0.5934934856468481,
                0.39805632623403964,
                -0.0037850786577520034
            ]
        }
    }
}