{
    "ARMA(1, 1)": {
        "normal": {
            "rmse": 0.8229648081974598,
            "r2": 0.8701052143224576,
            "akaike": 422.3381809203015,
            "theta": [
                0.1638519738083727,
                0.8467587768231783,
                1.1256521671494182,
                -0.4270138786379529
            ]
        },
        "recursive": {
            "rmse": 0.822965967172695,
            "r2": 0.8701048484624735,
            "akaike": 422.3384597620365,
            "theta": [
                0.16400345938582903,
                0.8464475639904944,
                1.1245262420872157,
                -0.42611317047030683
            ]
        }
    },
    "ARMA(1, 2)": {
        "normal": {
            "rmse": 0.49249368780180425,
            "r2": 0.9539118089611897,
            "akaike": 318.50518043046685,
            "theta": [
                0.2650615950977414,
                0.7168858929725028,
                1.0524792343179066,
                -0.2898453515244665,
                0.6935419151193771
            ]
        },
        "recursive": {
            "rmse": 0.49249540649297047,
            "r2": 0.9539114872859805,
            "akaike": 318.50586442477817,
            "theta": [
                0.2649484269502131,
                0.7167759082490103,
                1.0514803979470222,
                -0.28929684065630645,
                0.6930494874190122
            ]
        }
    },
    "ARMA(1, 3)": {
        "normal": {
            "rmse": 0.4614542405092122,
            "r2": 0.9599504544810259,
            "akaike": 303.71272246121947,
            "theta": [
                0.29353716370594995,
                0.7039268781674177,
                1.066391031519759,
                -0.2700988864734646,
                0.7301975709359353,
                -0.0007010483583944072
            ]
        },
        "recursive": {
            "rmse": 0.461456218948548,
            "r2": 0.959950111063373,
            "akaike": 303.7135542152151,
            "theta": [
                0.2933987209647951,
                0.7037912188068686,
                1.0653689506453923,
                -0.26956353097398694,
                0.7296469670431837,
                -0.0005085723959705633
            ]
        }
    },
    "ARMA(2, 1)": {
        "normal": {
            "rmse": 0.6506679099158332,
            "r2": 0.919553509605223,
            "akaike": 373.09465847996034,
            "theta": [
                0.19140568976846545,
                0.3481401535146408,
                0.47092194772515683,
                1.076789462574852,
                0.12565289971097962
            ]
        },
        "recursive": {
            "rmse": 0.6506688672942292,
            "r2": 0.9195532728706693,
            "akaike": 373.0949468698205,
            "theta": [
                0.19120691450468247,
                0.3483122827512643,
                0.47080129733870346,
                1.0757149056496185,
                0.12541223304056562
            ]
        }
    },
    "ARMA(2, 2)": {
        "normal": {
            "rmse": 0.4709909267633456,
            "r2": 0.9578484637979238,
            "akaike": 311.75518892073785,
            "theta": [
                0.2562691137066704,
                0.561653165205116,
                0.1667623816600331,
                1.0461392086743972,
                -0.12009942974680246,
                0.5840378656849265
            ]
        },
        "recursive": {
            "rmse": 0.4709936583146613,
            "r2": 0.9578479748737789,
            "akaike": 311.7563256358526,
            "theta": [
                0.2560094850169353,
                0.5604788329790865,
                0.16800929085723076,
                1.0450883376243043,
                -0.118582999146021,
                0.5827880489648105
            ]
        }
    },
    "ARMA(2, 3)": {
        "normal": {
            "rmse": 0.41036594586432934,
            "r2": 0.9683274568077289,
            "akaike": 282.95000741734685,
            "theta": [
                0.3576922013735445,
                0.30671783281232906,
                0.32861925564764505,
                1.0575988736053188,
                0.14563824591239535,
                0.5620970324347309,
                0.24730278181181317
            ]
        },
        "recursive": {
            "rmse": 0.41036830844764527,
            "r2": 0.9683270921125671,
            "akaike": 282.95112432251045,
            "theta": [
                0.3568956706733795,
                0.30743932500806676,
                0.3284187372176649,
                1.0565648690198062,
                0.1448420849192364,
                0.5615013718628026,
                0.2464495059928378
            ]
        }
    },
    "ARMA(3, 1)": {
        "normal": {
            "rmse": 0.6369460735054296,
            "r2": 0.9236962927264276,
            "akaike": 366.2393298244686,
            "theta": [
                0.21416206914521652,
                0.2563090923378904,
                0.49379198551414294,
                0.06082542550984691,
                1.0828732850541514,
                0.22692992138749998
            ]
        },
        "recursive": {
            "rmse": 0.636947245024916,
            "r2": 0.923696012039048,
            "akaike": 366.2396866436418,
            "theta": [
                0.2138411643903825,
                0.2567928560007637,
                0.49342996945256706,
                0.0608456699822913,
                1.0817940129677974,
                0.22623029954138235
            ]
        }
    },
    "ARMA(3, 2)": {
        "normal": {
            "rmse": 0.05589841066792832,
            "r2": 0.9994123222753569,
            "akaike": -103.79158528481929,
            "theta": [
                0.373285195213475,
                0.13124295530885147,
                -0.01478959752042111,
                0.5136658687499855,
                0.9994805516581606,
                0.3177665009233665,
                1.0318866893933405
            ]
        },
        "recursive": {
            "rmse": 0.05595431590605824,
            "r2": 0.9994111461885278,
            "akaike": -103.59765854860963,
            "theta": [
                0.3721345581192033,
                0.13269012950920878,
                -0.01325637159844985,
                0.5115466476048884,
                0.9987848798501767,
                0.3160882416878957,
                1.0284839306945623
            ]
        }
    },
    "ARMA(3, 3)": {
        "normal": {
            "rmse": 5.822025919404349e-15,
            "r2": 1.0,
            "akaike": -5901.015886023675,
            "theta": [
                0.39999999999999464,
                0.0500000000000059,
                0.04999999999999821,
                0.49999999999999767,
                0.9999999999999997,
                0.39999999999999686,
                1.0,
                0.09999999999999772
            ]
        },
        "recursive": {
            "rmse": 0.002556049112701385,
            "r2": 0.9999987712070867,
            "akaike": -700.2957855132036,
            "theta": [
                0.3986354777073311,
                0.05228067596844588,
                0.05093335571711619,
                0.4978464297638481,
                0.999320596615772,
                0.3973549382590667,
                0.9968789890141256,
                0.09952953655190258
            ]
        }
    }
}